02532,Buzzards Bay,Massachusetts,MA,Barnstable,US,41.7455,-70.5905,4
02534,Cataumet,Massachusetts,MA,Barnstable,US,41.6694,-70.6234,4
02536,East Falmouth,Massachusetts,MA,Barnstable,US,41.5968,-70.5671,4
02537,East Sandwich,Massachusetts,MA,Barnstable,US,41.7283,-70.44,4
02540,Falmouth,Massachusetts,MA,Barnstable,US,41.5648,-70.6217,4
02541,Falmouth,Massachusetts,MA,Barnstable,US,41.5515,-70.6148,4
02542,Buzzards Bay,Massachusetts,MA,Barnstable,US,41.6531,-70.5537,4
02543,Woods Hole,Massachusetts,MA,Barnstable,US,41.5263,-70.6643,4
02553,Monument Beach,Massachusetts,MA,Barnstable,US,41.7196,-70.612,4
02556,North Falmouth,Massachusetts,MA,Barnstable,US,41.6417,-70.623,4
02559,Pocasset,Massachusetts,MA,Barnstable,US,41.6881,-70.6105,4
02561,Sagamore,Massachusetts,MA,Barnstable,US,41.7703,-70.5337,4
02562,Sagamore Beach,Massachusetts,MA,Barnstable,US,41.7933,-70.5196,4
02563,Sandwich,Massachusetts,MA,Barnstable,US,41.7113,-70.4775,4
02574,West Falmouth,Massachusetts,MA,Barnstable,US,41.6039,-70.6382,4
02601,Hyannis,Massachusetts,MA,Barnstable,US,41.6601,-70.2967,4
02630,Barnstable,Massachusetts,MA,Barnstable,US,41.6983,-70.3001,4
02631,Brewster,Massachusetts,MA,Barnstable,US,41.7492,-70.0699,4
02632,Centerville,Massachusetts,MA,Barnstable,US,41.6606,-70.3532,4
02633,Chatham,Massachusetts,MA,Barnstable,US,41.6889,-69.9722,4
02634,Centerville,Massachusetts,MA,Barnstable,US,41.6487,-70.3481,4
02635,Cotuit,Massachusetts,MA,Barnstable,US,41.6243,-70.4364,4
02637,Cummaquid,Massachusetts,MA,Barnstable,US,41.7014,-70.2772,4
02638,Dennis,Massachusetts,MA,Barnstable,US,41.7322,-70.1911,4
02639,Dennis Port,Massachusetts,MA,Barnstable,US,41.6649,-70.1327,4
02641,East Dennis,Massachusetts,MA,Barnstable,US,41.7426,-70.162,4
02642,Eastham,Massachusetts,MA,Barnstable,US,41.8408,-69.9849,4
02643,East Orleans,Massachusetts,MA,Barnstable,US,41.7843,-69.962,4
02644,Forestdale,Massachusetts,MA,Barnstable,US,41.6827,-70.5143,4
02645,Harwich,Massachusetts,MA,Barnstable,US,41.7008,-70.0579,4
02646,Harwich Port,Massachusetts,MA,Barnstable,US,41.6703,-70.0722,4
02647,Hyannis Port,Massachusetts,MA,Barnstable,US,41.635,-70.3063,4
02648,Marstons Mills,Massachusetts,MA,Barnstable,US,41.6703,-70.4163,4
02649,Mashpee,Massachusetts,MA,Barnstable,US,41.6181,-70.4854,4
02650,North Chatham,Massachusetts,MA,Barnstable,US,41.703,-69.9666,4
02651,North Eastham,Massachusetts,MA,Barnstable,US,41.8243,-69.9818,4
02652,North Truro,Massachusetts,MA,Barnstable,US,42.0338,-70.0875,4
02653,Orleans,Massachusetts,MA,Barnstable,US,41.7792,-69.9822,4
02655,Osterville,Massachusetts,MA,Barnstable,US,41.63,-70.3837,4
02657,Provincetown,Massachusetts,MA,Barnstable,US,42.0534,-70.1865,4
02659,South Chatham,Massachusetts,MA,Barnstable,US,41.6801,-70.0241,4
02660,South Dennis,Massachusetts,MA,Barnstable,US,41.7097,-70.1585,4
02661,South Harwich,Massachusetts,MA,Barnstable,US,41.6862,-70.0329,4
02662,South Orleans,Massachusetts,MA,Barnstable,US,41.7567,-69.9841,4
02663,South Wellfleet,Massachusetts,MA,Barnstable,US,41.9182,-69.9953,4
02664,South Yarmouth,Massachusetts,MA,Barnstable,US,41.6739,-70.1949,4
02666,Truro,Massachusetts,MA,Barnstable,US,41.9988,-70.0564,4
02667,Wellfleet,Massachusetts,MA,Barnstable,US,41.9289,-70.0186,4
02668,West Barnstable,Massachusetts,MA,Barnstable,US,41.7002,-70.372,4
02669,West Chatham,Massachusetts,MA,Barnstable,US,41.6812,-69.9911,4
02670,West Dennis,Massachusetts,MA,Barnstable,US,41.6626,-70.1681,4
02671,West Harwich,Massachusetts,MA,Barnstable,US,41.6694,-70.1135,4
02672,West Hyannisport,Massachusetts,MA,Barnstable,US,41.6356,-70.3233,4
02673,West Yarmouth,Massachusetts,MA,Barnstable,US,41.6614,-70.2363,4
02675,Yarmouth Port,Massachusetts,MA,Barnstable,US,41.7051,-70.227,4
01029,East Otis,Massachusetts,MA,Berkshire,US,42.1909,-73.0517,4
01201,Pittsfield,Massachusetts,MA,Berkshire,US,42.4531,-73.2471,4
01202,Pittsfield,Massachusetts,MA,Berkshire,US,42.3929,-73.2285,4
01203,Pittsfield,Massachusetts,MA,Berkshire,US,42.3929,-73.2285,4
01220,Adams,Massachusetts,MA,Berkshire,US,42.6223,-73.1172,4
01222,Ashley Falls,Massachusetts,MA,Berkshire,US,42.0596,-73.3202,4
01223,Becket,Massachusetts,MA,Berkshire,US,42.3594,-73.1203,4
01224,Berkshire,Massachusetts,MA,Berkshire,US,42.5126,-73.1929,4
01225,Cheshire,Massachusetts,MA,Berkshire,US,42.5611,-73.158,4
01226,Dalton,Massachusetts,MA,Berkshire,US,42.475,-73.1603,4
01227,Dalton,Massachusetts,MA,Berkshire,US,42.4737,-73.1662,4
01229,Glendale,Massachusetts,MA,Berkshire,US,42.2793,-73.3435,4
01230,Great Barrington,Massachusetts,MA,Berkshire,US,42.1959,-73.3607,4
01235,Hinsdale,Massachusetts,MA,Berkshire,US,42.4298,-73.0724,4
01236,Housatonic,Massachusetts,MA,Berkshire,US,42.2653,-73.3745,4
01237,Lanesborough,Massachusetts,MA,Berkshire,US,42.5173,-73.2282,4
01238,Lee,Massachusetts,MA,Berkshire,US,42.299,-73.2317,4
01240,Lenox,Massachusetts,MA,Berkshire,US,42.3642,-73.2713,4
01242,Lenox Dale,Massachusetts,MA,Berkshire,US,42.3386,-73.2509,4
01244,Mill River,Massachusetts,MA,Berkshire,US,42.1228,-73.254,4
01245,Monterey,Massachusetts,MA,Berkshire,US,42.1867,-73.2065,4
01247,North Adams,Massachusetts,MA,Berkshire,US,42.6955,-73.08,4
01252,North Egremont,Massachusetts,MA,Berkshire,US,42.1986,-73.4462,4
01253,Otis,Massachusetts,MA,Berkshire,US,42.1931,-73.0918,4
01254,Richmond,Massachusetts,MA,Berkshire,US,42.3784,-73.3645,4
01255,Sandisfield,Massachusetts,MA,Berkshire,US,42.1094,-73.1163,4
01256,Savoy,Massachusetts,MA,Berkshire,US,42.577,-73.0233,4
01257,Sheffield,Massachusetts,MA,Berkshire,US,42.1001,-73.3611,4
01258,South Egremont,Massachusetts,MA,Berkshire,US,42.1012,-73.4566,4
01259,Southfield,Massachusetts,MA,Berkshire,US,42.078,-73.2609,4
01260,South Lee,Massachusetts,MA,Berkshire,US,42.2779,-73.2773,4
01262,Stockbridge,Massachusetts,MA,Berkshire,US,42.301,-73.3223,4
01263,Stockbridge,Massachusetts,MA,Berkshire,US,42.3929,-73.2285,4
01264,Tyringham,Massachusetts,MA,Berkshire,US,42.22,-73.1979,4
01266,West Stockbridge,Massachusetts,MA,Berkshire,US,42.3348,-73.3825,4
01267,Williamstown,Massachusetts,MA,Berkshire,US,42.7089,-73.2036,4
01270,Windsor,Massachusetts,MA,Berkshire,US,42.515,-73.0412,4
01343,Drury,Massachusetts,MA,Berkshire,US,42.6427,-72.9862,4
02048,Mansfield,Massachusetts,MA,Bristol,US,42.0212,-71.2178,4
02334,Easton,Massachusetts,MA,Bristol,US,42.0235,-71.1324,4
02356,North Easton,Massachusetts,MA,Bristol,US,42.059,-71.1123,4
02357,North Easton,Massachusetts,MA,Bristol,US,42.0645,-71.0871,4
02375,South Easton,Massachusetts,MA,Bristol,US,42.0257,-71.0988,4
02702,Assonet,Massachusetts,MA,Bristol,US,41.7975,-71.0607,4
02703,Attleboro,Massachusetts,MA,Bristol,US,41.9296,-71.3009,4
02712,Chartley,Massachusetts,MA,Bristol,US,41.9487,-71.2259,4
02714,Dartmouth,Massachusetts,MA,Bristol,US,41.7562,-71.0671,1
02715,Dighton,Massachusetts,MA,Bristol,US,41.8125,-71.1427,4
02717,East Freetown,Massachusetts,MA,Bristol,US,41.7635,-70.9677,4
02718,East Taunton,Massachusetts,MA,Bristol,US,41.8736,-71.0192,4
02719,Fairhaven,Massachusetts,MA,Bristol,US,41.6409,-70.8896,4
02720,Fall River,Massachusetts,MA,Bristol,US,41.7182,-71.14,4
02721,Fall River,Massachusetts,MA,Bristol,US,41.6883,-71.1574,4
02722,Fall River,Massachusetts,MA,Bristol,US,41.7015,-71.155,4
02723,Fall River,Massachusetts,MA,Bristol,US,41.6926,-71.1332,4
02724,Fall River,Massachusetts,MA,Bristol,US,41.685,-71.1748,4
02725,Somerset,Massachusetts,MA,Bristol,US,41.7223,-71.178,4
02726,Somerset,Massachusetts,MA,Bristol,US,41.756,-71.1492,4
02740,New Bedford,Massachusetts,MA,Bristol,US,41.6347,-70.9372,4
02741,New Bedford,Massachusetts,MA,Bristol,US,41.6362,-70.9342,4
02742,New Bedford,Massachusetts,MA,Bristol,US,41.6362,-70.9342,4
02743,Acushnet,Massachusetts,MA,Bristol,US,41.6997,-70.9087,4
02744,New Bedford,Massachusetts,MA,Bristol,US,41.6127,-70.9167,4
02745,New Bedford,Massachusetts,MA,Bristol,US,41.6913,-70.9355,4
02746,New Bedford,Massachusetts,MA,Bristol,US,41.66,-70.9324,4
02747,North Dartmouth,Massachusetts,MA,Bristol,US,41.6338,-70.9958,4
02748,South Dartmouth,Massachusetts,MA,Bristol,US,41.5665,-70.9843,4
02760,North Attleboro,Massachusetts,MA,Bristol,US,41.9775,-71.3298,4
02761,North Attleboro,Massachusetts,MA,Bristol,US,41.9834,-71.3328,4
02763,Attleboro Falls,Massachusetts,MA,Bristol,US,41.9726,-71.3082,4
02764,North Dighton,Massachusetts,MA,Bristol,US,41.8529,-71.1485,4
02766,Norton,Massachusetts,MA,Bristol,US,41.9718,-71.1894,4
02767,Raynham,Massachusetts,MA,Bristol,US,41.9324,-71.0469,4
02768,Raynham Center,Massachusetts,MA,Bristol,US,41.7562,-71.0671,4
02769,Rehoboth,Massachusetts,MA,Bristol,US,41.8515,-71.2545,4
02771,Seekonk,Massachusetts,MA,Bristol,US,41.8378,-71.3224,4
02777,Swansea,Massachusetts,MA,Bristol,US,41.7473,-71.2122,4
02779,Berkley,Massachusetts,MA,Bristol,US,41.8353,-71.0765,4
02780,Taunton,Massachusetts,MA,Bristol,US,41.905,-71.1026,4
02783,Taunton,Massachusetts,MA,Bristol,US,41.7562,-71.0671,4
02790,Westport,Massachusetts,MA,Bristol,US,41.6211,-71.089,1
02791,Westport Point,Massachusetts,MA,Bristol,US,41.5223,-71.0745,4
02535,Chilmark,Massachusetts,MA,Dukes,US,41.3575,-70.7416,4
02539,Edgartown,Massachusetts,MA,Dukes,US,41.3889,-70.5339,4
02552,Menemsha,Massachusetts,MA,Dukes,US,41.3798,-70.6431,4
02557,Oak Bluffs,Massachusetts,MA,Dukes,US,41.4543,-70.562,4
02568,Vineyard Haven,Massachusetts,MA,Dukes,US,41.45,-70.5937,4
02575,West Tisbury,Massachusetts,MA,Dukes,US,41.4213,-70.6428,4
02713,Cuttyhunk,Massachusetts,MA,Dukes,US,41.4218,-70.9313,4
01810,Andover,Massachusetts,MA,Essex,US,42.6496,-71.1565,4
01812,Andover,Massachusetts,MA,Essex,US,42.6472,-71.1842,4
01830,Haverhill,Massachusetts,MA,Essex,US,42.7856,-71.0721,4
01831,Haverhill,Massachusetts,MA,Essex,US,42.7711,-71.1221,4
01832,Haverhill,Massachusetts,MA,Essex,US,42.7792,-71.1095,4
01833,Georgetown,Massachusetts,MA,Essex,US,42.7281,-70.9822,4
01834,Groveland,Massachusetts,MA,Essex,US,42.753,-71.027,4
01835,Haverhill,Massachusetts,MA,Essex,US,42.7528,-71.0843,4
01840,Lawrence,Massachusetts,MA,Essex,US,42.708,-71.1638,4
01841,Lawrence,Massachusetts,MA,Essex,US,42.7115,-71.167,4
01842,Lawrence,Massachusetts,MA,Essex,US,42.707,-71.1631,4
01843,Lawrence,Massachusetts,MA,Essex,US,42.6911,-71.1605,4
01844,Methuen,Massachusetts,MA,Essex,US,42.728,-71.181,4
01845,North Andover,Massachusetts,MA,Essex,US,42.6826,-71.109,4
01860,Merrimac,Massachusetts,MA,Essex,US,42.8346,-71.0047,4
01885,West Boxford,Massachusetts,MA,Essex,US,42.707,-71.0639,4
01899,Andover,Massachusetts,MA,Essex,US,42.6584,-71.137,4
01901,Lynn,Massachusetts,MA,Essex,US,42.4612,-70.9467,4
01902,Lynn,Massachusetts,MA,Essex,US,42.4698,-70.942,4
01903,Lynn,Massachusetts,MA,Essex,US,42.4668,-70.9495,4
01904,Lynn,Massachusetts,MA,Essex,US,42.4889,-70.9647,4
01905,Lynn,Massachusetts,MA,Essex,US,42.4694,-70.9728,4
01906,Saugus,Massachusetts,MA,Essex,US,42.4633,-71.0111,4
01907,Swampscott,Massachusetts,MA,Essex,US,42.4746,-70.9098,4
01908,Nahant,Massachusetts,MA,Essex,US,42.4261,-70.9277,4
01910,Lynn,Massachusetts,MA,Essex,US,42.4548,-70.9747,4
01913,Amesbury,Massachusetts,MA,Essex,US,42.8559,-70.9367,4
01915,Beverly,Massachusetts,MA,Essex,US,42.5608,-70.8759,4
01921,Boxford,Massachusetts,MA,Essex,US,42.6797,-71.0114,4
01922,Byfield,Massachusetts,MA,Essex,US,42.7568,-70.9351,4
01923,Danvers,Massachusetts,MA,Essex,US,42.5694,-70.9425,4
01929,Essex,Massachusetts,MA,Essex,US,42.6286,-70.7828,4
01930,Gloucester,Massachusetts,MA,Essex,US,42.6208,-70.6721,4
01931,Gloucester,Massachusetts,MA,Essex,US,42.6159,-70.662,4
01936,Hamilton,Massachusetts,MA,Essex,US,42.6354,-70.8791,4
01937,Hathorne,Massachusetts,MA,Essex,US,42.5862,-70.9745,4
01938,Ipswich,Massachusetts,MA,Essex,US,42.6809,-70.8494,4
01940,Lynnfield,Massachusetts,MA,Essex,US,42.5327,-71.0339,4
01944,Manchester,Massachusetts,MA,Essex,US,42.5796,-70.7674,4
01945,Marblehead,Massachusetts,MA,Essex,US,42.4984,-70.8653,4
01949,Middleton,Massachusetts,MA,Essex,US,42.5942,-71.013,4
01950,Newburyport,Massachusetts,MA,Essex,US,42.813,-70.8847,4
01951,Newbury,Massachusetts,MA,Essex,US,42.7835,-70.8474,1
01952,Salisbury,Massachusetts,MA,Essex,US,42.8507,-70.8588,4
01960,Peabody,Massachusetts,MA,Essex,US,42.5326,-70.9612,4
01961,Peabody,Massachusetts,MA,Essex,US,42.6354,-70.8791,4
01965,Prides Crossing,Massachusetts,MA,Essex,US,42.5581,-70.8257,4
01966,Rockport,Massachusetts,MA,Essex,US,42.658,-70.6194,4
01969,Rowley,Massachusetts,MA,Essex,US,42.7138,-70.907,4
01970,Salem,Massachusetts,MA,Essex,US,42.5151,-70.9003,4
01971,Salem,Massachusetts,MA,Essex,US,42.6354,-70.8791,4
01982,South Hamilton,Massachusetts,MA,Essex,US,42.6185,-70.8561,4
01983,Topsfield,Massachusetts,MA,Essex,US,42.6415,-70.9488,4
01984,Wenham,Massachusetts,MA,Essex,US,42.6017,-70.8786,4
01985,West Newbury,Massachusetts,MA,Essex,US,42.7949,-70.9778,4
05501,Andover,Massachusetts,MA,Essex,US,42.6472,-71.1842,4
05544,Andover,Massachusetts,MA,Essex,US,42.6472,-71.1842,4
01054,Leverett,Massachusetts,MA,Franklin,US,42.4682,-72.4993,4
01072,Shutesbury,Massachusetts,MA,Franklin,US,42.482,-72.4213,4
01093,Whately,Massachusetts,MA,Franklin,US,42.4427,-72.6525,4
01301,Greenfield,Massachusetts,MA,Franklin,US,42.6013,-72.6236,4
01302,Greenfield,Massachusetts,MA,Franklin,US,42.5222,-72.6242,4
01330,Ashfield,Massachusetts,MA,Franklin,US,42.5232,-72.811,4
01337,Bernardston,Massachusetts,MA,Franklin,US,42.6952,-72.5772,4
01338,Buckland,Massachusetts,MA,Franklin,US,42.5736,-72.8213,4
01339,Charlemont,Massachusetts,MA,Franklin,US,42.608,-72.8901,4
01340,Colrain,Massachusetts,MA,Franklin,US,42.679,-72.7265,4
01341,Conway,Massachusetts,MA,Franklin,US,42.5138,-72.7025,4
01342,Deerfield,Massachusetts,MA,Franklin,US,42.5406,-72.6072,4
01344,Erving,Massachusetts,MA,Franklin,US,42.6076,-72.4292,4
01346,Heath,Massachusetts,MA,Franklin,US,42.6853,-72.8391,4
01347,Lake Pleasant,Massachusetts,MA,Franklin,US,42.5566,-72.5181,4
01349,Millers Falls,Massachusetts,MA,Franklin,US,42.582,-72.4926,4
01350,Monroe Bridge,Massachusetts,MA,Franklin,US,42.7215,-72.9762,4
01351,Montague,Massachusetts,MA,Franklin,US,42.5429,-72.5328,4
01354,Gill,Massachusetts,MA,Franklin,US,42.6404,-72.4995,4
01355,New Salem,Massachusetts,MA,Franklin,US,42.5146,-72.3062,4
01360,Northfield,Massachusetts,MA,Franklin,US,42.6887,-72.451,4
01364,Orange,Massachusetts,MA,Franklin,US,42.6129,-72.2924,4
01367,Rowe,Massachusetts,MA,Franklin,US,42.6953,-72.9258,4
01370,Shelburne Falls,Massachusetts,MA,Franklin,US,42.6022,-72.7391,4
01373,South Deerfield,Massachusetts,MA,Franklin,US,42.4756,-72.6153,4
01375,Sunderland,Massachusetts,MA,Franklin,US,42.4539,-72.5676,4
01376,Turners Falls,Massachusetts,MA,Franklin,US,42.5954,-72.5557,4
01378,Warwick,Massachusetts,MA,Franklin,US,42.6671,-72.3397,4
01379,Wendell,Massachusetts,MA,Franklin,US,42.5656,-72.4009,4
01380,Wendell Depot,Massachusetts,MA,Franklin,US,42.5534,-72.3927,4
01001,Agawam,Massachusetts,MA,Hampden,US,42.0702,-72.6227,4
01008,Blandford,Massachusetts,MA,Hampden,US,42.1829,-72.9361,4
01009,Bondsville,Massachusetts,MA,Hampden,US,42.2061,-72.3405,4
01010,Brimfield,Massachusetts,MA,Hampden,US,42.1165,-72.1885,4
01011,Chester,Massachusetts,MA,Hampden,US,42.2794,-72.9888,4
01013,Chicopee,Massachusetts,MA,Hampden,US,42.1487,-72.6079,4
01014,Chicopee,Massachusetts,MA,Hampden,US,42.1707,-72.6048,4
01020,Chicopee,Massachusetts,MA,Hampden,US,42.1764,-72.5761,4
01021,Chicopee,Massachusetts,MA,Hampden,US,42.1707,-72.6048,4
01022,Chicopee,Massachusetts,MA,Hampden,US,42.1934,-72.5544,4
01028,East Longmeadow,Massachusetts,MA,Hampden,US,42.0672,-72.5056,4
01030,Feeding Hills,Massachusetts,MA,Hampden,US,42.0718,-72.6751,4
01034,Granville,Massachusetts,MA,Hampden,US,42.1127,-72.952,4
01036,Hampden,Massachusetts,MA,Hampden,US,42.0648,-72.4318,4
01040,Holyoke,Massachusetts,MA,Hampden,US,42.202,-72.6262,4
01041,Holyoke,Massachusetts,MA,Hampden,US,42.2043,-72.6162,4
01056,Ludlow,Massachusetts,MA,Hampden,US,42.1728,-72.471,4
01057,Monson,Massachusetts,MA,Hampden,US,42.101,-72.3196,4
01069,Palmer,Massachusetts,MA,Hampden,US,42.1762,-72.3288,4
01071,Russell,Massachusetts,MA,Hampden,US,42.1471,-72.8403,4
01077,Southwick,Massachusetts,MA,Hampden,US,42.0511,-72.7706,4
01079,Thorndike,Massachusetts,MA,Hampden,US,42.1929,-72.3296,4
01080,Three Rivers,Massachusetts,MA,Hampden,US,42.1819,-72.3624,4
01081,Wales,Massachusetts,MA,Hampden,US,42.0627,-72.2046,4
01085,Westfield,Massachusetts,MA,Hampden,US,42.1251,-72.7495,4
01086,Westfield,Massachusetts,MA,Hampden,US,42.1734,-72.848,4
01089,West Springfield,Massachusetts,MA,Hampden,US,42.1151,-72.6411,4
01090,West Springfield,Massachusetts,MA,Hampden,US,42.1707,-72.6048,4
01095,Wilbraham,Massachusetts,MA,Hampden,US,42.1245,-72.4464,4
01097,Woronoco,Massachusetts,MA,Hampden,US,42.164,-72.8295,4
01101,Springfield,Massachusetts,MA,Hampden,US,42.1015,-72.5898,4
01102,Springfield,Massachusetts,MA,Hampden,US,42.1707,-72.6048,4
01103,Springfield,Massachusetts,MA,Hampden,US,42.1029,-72.5887,4
01104,Springfield,Massachusetts,MA,Hampden,US,42.1288,-72.5778,4
01105,Springfield,Massachusetts,MA,Hampden,US,42.0999,-72.5783,4
01106,Longmeadow,Massachusetts,MA,Hampden,US,42.0507,-72.5676,4
01107,Springfield,Massachusetts,MA,Hampden,US,42.1179,-72.6065,4
01108,Springfield,Massachusetts,MA,Hampden,US,42.0853,-72.5584,4
01109,Springfield,Massachusetts,MA,Hampden,US,42.1145,-72.5543,4
01111,Springfield,Massachusetts,MA,Hampden,US,42.1707,-72.6048,4
01115,Springfield,Massachusetts,MA,Hampden,US,42.1029,-72.5916,4
01116,Longmeadow,Massachusetts,MA,Hampden,US,42.1707,-72.6048,4
01118,Springfield,Massachusetts,MA,Hampden,US,42.0929,-72.5274,4
01119,Springfield,Massachusetts,MA,Hampden,US,42.1247,-72.5121,4
01128,Springfield,Massachusetts,MA,Hampden,US,42.0944,-72.4889,4
01129,Springfield,Massachusetts,MA,Hampden,US,42.1223,-72.4876,4
01138,Springfield,Massachusetts,MA,Hampden,US,42.1707,-72.6048,4
01139,Springfield,Massachusetts,MA,Hampden,US,42.1707,-72.6048,4
01144,Springfield,Massachusetts,MA,Hampden,US,42.1018,-72.5915,4
01151,Indian Orchard,Massachusetts,MA,Hampden,US,42.1532,-72.505,4
01152,Springfield,Massachusetts,MA,Hampden,US,42.1707,-72.6048,4
01199,Springfield,Massachusetts,MA,Hampden,US,42.1199,-72.605,4
01521,Holland,Massachusetts,MA,Hampden,US,42.0403,-72.1544,4
01002,Amherst,Massachusetts,MA,Hampshire,US,42.3671,-72.4646,4
01003,Amherst,Massachusetts,MA,Hampshire,US,42.3919,-72.5248,4
01004,Amherst,Massachusetts,MA,Hampshire,US,42.3845,-72.5132,4
01007,Belchertown,Massachusetts,MA,Hampshire,US,42.2751,-72.411,4
01012,Chesterfield,Massachusetts,MA,Hampshire,US,42.3923,-72.8256,4
01026,Cummington,Massachusetts,MA,Hampshire,US,42.4633,-72.9202,4
01027,Easthampton,Massachusetts,MA,Hampshire,US,42.2668,-72.669,4
01032,Goshen,Massachusetts,MA,Hampshire,US,42.4404,-72.7995,4
01033,Granby,Massachusetts,MA,Hampshire,US,42.2557,-72.52,4
01035,Hadley,Massachusetts,MA,Hampshire,US,42.3606,-72.5715,4
01038,Hatfield,Massachusetts,MA,Hampshire,US,42.3844,-72.6167,4
01039,Haydenville,Massachusetts,MA,Hampshire,US,42.3818,-72.7032,4
01050,Huntington,Massachusetts,MA,Hampshire,US,42.2653,-72.8733,4
01053,Leeds,Massachusetts,MA,Hampshire,US,42.3543,-72.7034,4
01059,North Amherst,Massachusetts,MA,Hampshire,US,42.4104,-72.5309,4
01060,Northampton,Massachusetts,MA,Hampshire,US,42.3223,-72.6313,4
01061,Northampton,Massachusetts,MA,Hampshire,US,42.3696,-72.636,4
01062,Florence,Massachusetts,MA,Hampshire,US,42.3219,-72.6928,4
01063,Northampton,Massachusetts,MA,Hampshire,US,42.3179,-72.6402,4
01066,North Hatfield,Massachusetts,MA,Hampshire,US,42.4112,-72.6223,4
01070,Plainfield,Massachusetts,MA,Hampshire,US,42.5144,-72.9183,4
01073,Southampton,Massachusetts,MA,Hampshire,US,42.2247,-72.7194,4
01075,South Hadley,Massachusetts,MA,Hampshire,US,42.2375,-72.5811,4
01082,Ware,Massachusetts,MA,Hampshire,US,42.2618,-72.2583,4
01084,West Chesterfield,Massachusetts,MA,Hampshire,US,42.3903,-72.8709,4
01088,West Hatfield,Massachusetts,MA,Hampshire,US,42.3906,-72.6469,4
01096,Williamsburg,Massachusetts,MA,Hampshire,US,42.4085,-72.778,4
01098,Worthington,Massachusetts,MA,Hampshire,US,42.3843,-72.9314,1
01243,Middlefield,Massachusetts,MA,Hampshire,US,42.3561,-73.0104,4
01431,Ashby,Massachusetts,MA,Middlesex,US,42.6745,-71.8174,4
01432,Ayer,Massachusetts,MA,Middlesex,US,42.5591,-71.5788,4
01450,Groton,Massachusetts,MA,Middlesex,US,42.6124,-71.5584,4
01460,Littleton,Massachusetts,MA,Middlesex,US,42.5401,-71.4877,4
01463,Pepperell,Massachusetts,MA,Middlesex,US,42.6689,-71.5934,4
01464,Shirley,Massachusetts,MA,Middlesex,US,42.5734,-71.6483,4
01469,Townsend,Massachusetts,MA,Middlesex,US,42.6525,-71.6896,4
01470,Groton,Massachusetts,MA,Middlesex,US,42.6112,-71.5745,4
01471,Groton,Massachusetts,MA,Middlesex,US,42.6112,-71.5745,4
01472,West Groton,Massachusetts,MA,Middlesex,US,42.6043,-71.6273,4
01474,West Townsend,Massachusetts,MA,Middlesex,US,42.6678,-71.7522,4
01701,Framingham,Massachusetts,MA,Middlesex,US,42.3007,-71.4255,4
01702,Framingham,Massachusetts,MA,Middlesex,US,42.2822,-71.4339,4
01703,Framingham,Massachusetts,MA,Middlesex,US,42.4464,-71.4594,4
01704,Framingham,Massachusetts,MA,Middlesex,US,42.4464,-71.4594,4
01705,Framingham,Massachusetts,MA,Middlesex,US,42.4464,-71.4594,4
01718,Acton,Massachusetts,MA,Middlesex,US,42.4851,-71.4328,4
01719,Boxborough,Massachusetts,MA,Middlesex,US,42.4884,-71.5178,1
01720,Acton,Massachusetts,MA,Middlesex,US,42.4751,-71.4483,4
01721,Ashland,Massachusetts,MA,Middlesex,US,42.2539,-71.4583,4
01730,Bedford,Massachusetts,MA,Middlesex,US,42.4843,-71.2768,4
01731,Hanscom Afb,Massachusetts,MA,Middlesex,US,42.4567,-71.2795,1
01741,Carlisle,Massachusetts,MA,Middlesex,US,42.5286,-71.3519,4
01742,Concord,Massachusetts,MA,Middlesex,US,42.4567,-71.3747,4
01746,Holliston,Massachusetts,MA,Middlesex,US,42.2026,-71.4361,4
01748,Hopkinton,Massachusetts,MA,Middlesex,US,42.219,-71.5302,4
01749,Hudson,Massachusetts,MA,Middlesex,US,42.3918,-71.5609,4
01752,Marlborough,Massachusetts,MA,Middlesex,US,42.3509,-71.5434,4
01754,Maynard,Massachusetts,MA,Middlesex,US,42.4321,-71.455,4
01760,Natick,Massachusetts,MA,Middlesex,US,42.2875,-71.3574,4
01770,Sherborn,Massachusetts,MA,Middlesex,US,42.2331,-71.3787,4
01773,Lincoln,Massachusetts,MA,Middlesex,US,42.4217,-71.3137,4
01775,Stow,Massachusetts,MA,Middlesex,US,42.4308,-71.515,4
01776,Sudbury,Massachusetts,MA,Middlesex,US,42.3837,-71.4282,4
01778,Wayland,Massachusetts,MA,Middlesex,US,42.3486,-71.3588,4
01784,Woodville,Massachusetts,MA,Middlesex,US,42.2376,-71.562,4
01801,Woburn,Massachusetts,MA,Middlesex,US,42.4829,-71.1574,4
01803,Burlington,Massachusetts,MA,Middlesex,US,42.5089,-71.2004,4
01805,Burlington,Massachusetts,MA,Middlesex,US,42.5048,-71.1956,4
01813,Woburn,Massachusetts,MA,Middlesex,US,42.4793,-71.1523,4
01815,Woburn,Massachusetts,MA,Middlesex,US,42.4793,-71.1523,4
01821,Billerica,Massachusetts,MA,Middlesex,US,42.5519,-71.2518,4
01822,Billerica,Massachusetts,MA,Middlesex,US,42.5584,-71.2689,4
01824,Chelmsford,Massachusetts,MA,Middlesex,US,42.5911,-71.3556,4
01826,Dracut,Massachusetts,MA,Middlesex,US,42.6764,-71.3186,4
01827,Dunstable,Massachusetts,MA,Middlesex,US,42.6739,-71.4952,4
01850,Lowell,Massachusetts,MA,Middlesex,US,42.656,-71.3051,4
01851,Lowell,Massachusetts,MA,Middlesex,US,42.6315,-71.3329,4
01852,Lowell,Massachusetts,MA,Middlesex,US,42.6344,-71.2983,4
01853,Lowell,Massachusetts,MA,Middlesex,US,42.6334,-71.3162,4
01854,Lowell,Massachusetts,MA,Middlesex,US,42.6493,-71.3355,4
01862,North Billerica,Massachusetts,MA,Middlesex,US,42.5757,-71.2902,4
01863,North Chelmsford,Massachusetts,MA,Middlesex,US,42.6347,-71.3908,4
01864,North Reading,Massachusetts,MA,Middlesex,US,42.5819,-71.0947,4
01865,Nutting Lake,Massachusetts,MA,Middlesex,US,42.5379,-71.2689,4
01866,Pinehurst,Massachusetts,MA,Middlesex,US,42.5293,-71.2281,4
01867,Reading,Massachusetts,MA,Middlesex,US,42.528,-71.109,4
01876,Tewksbury,Massachusetts,MA,Middlesex,US,42.6028,-71.2232,4
01879,Tyngsboro,Massachusetts,MA,Middlesex,US,42.6724,-71.4158,4
01880,Wakefield,Massachusetts,MA,Middlesex,US,42.5009,-71.0685,4
01886,Westford,Massachusetts,MA,Middlesex,US,42.5864,-71.4401,4
01887,Wilmington,Massachusetts,MA,Middlesex,US,42.5581,-71.1723,4
01888,Woburn,Massachusetts,MA,Middlesex,US,42.4793,-71.1523,4
01889,North Reading,Massachusetts,MA,Middlesex,US,42.5716,-71.1096,4
01890,Winchester,Massachusetts,MA,Middlesex,US,42.453,-71.1441,4
02138,Cambridge,Massachusetts,MA,Middlesex,US,42.377,-71.1256,4
02139,Cambridge,Massachusetts,MA,Middlesex,US,42.3647,-71.1042,4
02140,Cambridge,Massachusetts,MA,Middlesex,US,42.3932,-71.1338,4
02141,Cambridge,Massachusetts,MA,Middlesex,US,42.3687,-71.0836,4
02142,Cambridge,Massachusetts,MA,Middlesex,US,42.362,-71.083,4
02143,Somerville,Massachusetts,MA,Middlesex,US,42.3829,-71.1028,4
02144,Somerville,Massachusetts,MA,Middlesex,US,42.4003,-71.1221,4
02145,Somerville,Massachusetts,MA,Middlesex,US,42.3907,-71.0929,4
02148,Malden,Massachusetts,MA,Middlesex,US,42.4291,-71.0605,4
02149,Everett,Massachusetts,MA,Middlesex,US,42.4112,-71.0514,4
02153,Medford,Massachusetts,MA,Middlesex,US,42.4184,-71.1062,4
02155,Medford,Massachusetts,MA,Middlesex,US,42.4173,-71.1087,4
02156,West Medford,Massachusetts,MA,Middlesex,US,42.4223,-71.1328,4
02176,Melrose,Massachusetts,MA,Middlesex,US,42.4581,-71.0632,4
02180,Stoneham,Massachusetts,MA,Middlesex,US,42.4828,-71.0978,4
02212,Boston,Massachusetts,MA,Middlesex,US,42.3584,-71.0598,4
02238,Cambridge,Massachusetts,MA,Middlesex,US,42.3751,-71.1056,4
02420,Lexington,Massachusetts,MA,Middlesex,US,42.4563,-71.2167,4
02421,Lexington,Massachusetts,MA,Middlesex,US,42.4426,-71.2265,4
02451,Waltham,Massachusetts,MA,Middlesex,US,42.3986,-71.2451,4
02452,Waltham,Massachusetts,MA,Middlesex,US,42.3943,-71.218,4
02453,Waltham,Massachusetts,MA,Middlesex,US,42.3654,-71.2317,4
02454,Waltham,Massachusetts,MA,Middlesex,US,42.3567,-71.2505,4
02455,North Waltham,Massachusetts,MA,Middlesex,US,42.3621,-71.2055,4
02456,New Town,Massachusetts,MA,Middlesex,US,42.4464,-71.4594,4
02458,Newton,Massachusetts,MA,Middlesex,US,42.3528,-71.1875,4
02459,Newton Center,Massachusetts,MA,Middlesex,US,42.3341,-71.1833,4
02460,Newtonville,Massachusetts,MA,Middlesex,US,42.352,-71.2084,4
02461,Newton Highlands,Massachusetts,MA,Middlesex,US,42.3168,-71.2084,4
02462,Newton Lower Falls,Massachusetts,MA,Middlesex,US,42.3299,-71.2562,4
02464,Newton Upper Falls,Massachusetts,MA,Middlesex,US,42.3129,-71.2195,4
02465,West Newton,Massachusetts,MA,Middlesex,US,42.3492,-71.2267,4
02466,Auburndale,Massachusetts,MA,Middlesex,US,42.3441,-71.248,4
02467,Chestnut Hill,Massachusetts,MA,Middlesex,US,42.3164,-71.1612,4
02468,Waban,Massachusetts,MA,Middlesex,US,42.3271,-71.2315,4
02471,Watertown,Massachusetts,MA,Middlesex,US,42.3709,-71.1828,4
02472,Watertown,Massachusetts,MA,Middlesex,US,42.37,-71.1773,4
02474,Arlington,Massachusetts,MA,Middlesex,US,42.4202,-71.1565,4
02475,Arlington Heights,Massachusetts,MA,Middlesex,US,42.4204,-71.1801,4
02476,Arlington,Massachusetts,MA,Middlesex,US,42.4162,-71.1752,4
02477,Watertown,Massachusetts,MA,Middlesex,US,42.3709,-71.1828,4
02478,Belmont,Massachusetts,MA,Middlesex,US,42.3959,-71.1787,4
02479,Waverley,Massachusetts,MA,Middlesex,US,42.3876,-71.1828,4
02493,Weston,Massachusetts,MA,Middlesex,US,42.3589,-71.3001,4
02495,Nonantum,Massachusetts,MA,Middlesex,US,42.3626,-71.2023,4
02554,Nantucket,Massachusetts,MA,Nantucket,US,41.2725,-70.0932,4
02564,Siasconset,Massachusetts,MA,Nantucket,US,41.2639,-69.9626,4
02584,Nantucket,Massachusetts,MA,Nantucket,US,41.2778,-70.046,4
02019,Bellingham,Massachusetts,MA,Norfolk,US,42.0746,-71.4768,4
02021,Canton,Massachusetts,MA,Norfolk,US,42.1645,-71.1355,4
02025,Cohasset,Massachusetts,MA,Norfolk,US,42.2395,-70.8128,4
02026,Dedham,Massachusetts,MA,Norfolk,US,42.2437,-71.1637,4
02027,Dedham,Massachusetts,MA,Norfolk,US,42.18,-71.0892,4
02030,Dover,Massachusetts,MA,Norfolk,US,42.2362,-71.2854,4
02032,East Walpole,Massachusetts,MA,Norfolk,US,42.1532,-71.2179,4
02035,Foxboro,Massachusetts,MA,Norfolk,US,42.0649,-71.2441,4
02038,Franklin,Massachusetts,MA,Norfolk,US,42.0935,-71.4058,4
02052,Medfield,Massachusetts,MA,Norfolk,US,42.1845,-71.3048,4
02053,Medway,Massachusetts,MA,Norfolk,US,42.1514,-71.4217,4
02054,Millis,Massachusetts,MA,Norfolk,US,42.1669,-71.3607,4
02056,Norfolk,Massachusetts,MA,Norfolk,US,42.1177,-71.3269,4
02062,Norwood,Massachusetts,MA,Norfolk,US,42.1868,-71.2033,4
02067,Sharon,Massachusetts,MA,Norfolk,US,42.1094,-71.1759,4
02070,Sheldonville,Massachusetts,MA,Norfolk,US,42.0348,-71.387,4
02071,South Walpole,Massachusetts,MA,Norfolk,US,42.0992,-71.2752,4
02072,Stoughton,Massachusetts,MA,Norfolk,US,42.1253,-71.1074,4
02081,Walpole,Massachusetts,MA,Norfolk,US,42.1444,-71.2544,4
02090,Westwood,Massachusetts,MA,Norfolk,US,42.2148,-71.2104,4
02093,Wrentham,Massachusetts,MA,Norfolk,US,42.0617,-71.3396,4
02169,Quincy,Massachusetts,MA,Norfolk,US,42.2491,-70.9978,4
02170,Quincy,Massachusetts,MA,Norfolk,US,42.2671,-71.0186,4
02171,Quincy,Massachusetts,MA,Norfolk,US,42.2825,-71.0241,4
02184,Braintree,Massachusetts,MA,Norfolk,US,42.2093,-70.9963,4
02185,Braintree,Massachusetts,MA,Norfolk,US,42.18,-71.0892,4
02186,Milton,Massachusetts,MA,Norfolk,US,42.2537,-71.0771,4
02187,Milton Village,Massachusetts,MA,Norfolk,US,42.2668,-71.0717,4
02188,Weymouth,Massachusetts,MA,Norfolk,US,42.2113,-70.9582,4
02189,East Weymouth,Massachusetts,MA,Norfolk,US,42.214,-70.9203,4
02190,South Weymouth,Massachusetts,MA,Norfolk,US,42.1751,-70.9495,4
02191,North Weymouth,Massachusetts,MA,Norfolk,US,42.2459,-70.9467,4
02269,Quincy,Massachusetts,MA,Norfolk,US,42.2529,-71.0023,4
02322,Avon,Massachusetts,MA,Norfolk,US,42.1258,-71.0437,4
02343,Holbrook,Massachusetts,MA,Norfolk,US,42.1464,-71.0083,4
02368,Randolph,Massachusetts,MA,Norfolk,US,42.1736,-71.0514,4
02445,Brookline,Massachusetts,MA,Norfolk,US,42.3259,-71.1341,4
02446,Brookline,Massachusetts,MA,Norfolk,US,42.3431,-71.123,4
02447,Brookline Village,Massachusetts,MA,Norfolk,US,42.3329,-71.1162,4
02457,Babson Park,Massachusetts,MA,Norfolk,US,42.2987,-71.2595,4
02481,Wellesley Hills,Massachusetts,MA,Norfolk,US,42.3106,-71.2747,4
02482,Wellesley,Massachusetts,MA,Norfolk,US,42.2945,-71.2992,4
02492,Needham,Massachusetts,MA,Norfolk,US,42.2798,-71.2501,4
02494,Needham Heights,Massachusetts,MA,Norfolk,US,42.2945,-71.2328,4
02762,Plainville,Massachusetts,MA,Norfolk,US,42.0124,-71.3275,4
02018,Accord,Massachusetts,MA,Plymouth,US,42.1745,-70.8837,4
02020,Brant Rock,Massachusetts,MA,Plymouth,US,42.0818,-70.6439,4
02040,Greenbush,Massachusetts,MA,Plymouth,US,42.1793,-70.7495,4
02041,Green Harbor,Massachusetts,MA,Plymouth,US,42.0696,-70.6491,4
02043,Hingham,Massachusetts,MA,Plymouth,US,42.2245,-70.8911,4
02044,Hingham,Massachusetts,MA,Plymouth,US,42.2418,-70.8898,4
02045,Hull,Massachusetts,MA,Plymouth,US,42.2853,-70.8754,4
02047,Humarock,Massachusetts,MA,Plymouth,US,42.1428,-70.6935,4
02050,Marshfield,Massachusetts,MA,Plymouth,US,42.1062,-70.6993,4
02051,Marshfield Hills,Massachusetts,MA,Plymouth,US,42.1512,-70.7341,4
02055,Minot,Massachusetts,MA,Plymouth,US,42.2404,-70.762,4
02059,North Marshfield,Massachusetts,MA,Plymouth,US,42.1432,-70.7703,4
02060,North Scituate,Massachusetts,MA,Plymouth,US,42.219,-70.7856,4
02061,Norwell,Massachusetts,MA,Plymouth,US,42.1596,-70.8217,4
02065,Ocean Bluff,Massachusetts,MA,Plymouth,US,42.0972,-70.6516,4
02066,Scituate,Massachusetts,MA,Plymouth,US,42.2032,-70.7525,4
02301,Brockton,Massachusetts,MA,Plymouth,US,42.0794,-71.04,4
02302,Brockton,Massachusetts,MA,Plymouth,US,42.0847,-71.0002,4
02303,Brockton,Massachusetts,MA,Plymouth,US,42.0834,-71.0184,4
02304,Brockton,Massachusetts,MA,Plymouth,US,42.0834,-71.0184,4
02305,Brockton,Massachusetts,MA,Plymouth,US,42.0834,-71.0184,4
02324,Bridgewater,Massachusetts,MA,Plymouth,US,41.9773,-70.9723,4
02325,Bridgewater,Massachusetts,MA,Plymouth,US,41.9873,-70.9728,4
02327,Bryantville,Massachusetts,MA,Plymouth,US,42.0407,-70.8272,4
02330,Carver,Massachusetts,MA,Plymouth,US,41.8883,-70.7678,4
02331,Duxbury,Massachusetts,MA,Plymouth,US,41.9705,-70.7014,4
02332,Duxbury,Massachusetts,MA,Plymouth,US,42.0399,-70.7163,4
02333,East Bridgewater,Massachusetts,MA,Plymouth,US,42.0315,-70.945,4
02337,Elmwood,Massachusetts,MA,Plymouth,US,42.0098,-70.962,4
02338,Halifax,Massachusetts,MA,Plymouth,US,42.0002,-70.8448,4
02339,Hanover,Massachusetts,MA,Plymouth,US,42.1214,-70.857,4
02340,Hanover,Massachusetts,MA,Plymouth,US,42.1137,-70.8161,4
02341,Hanson,Massachusetts,MA,Plymouth,US,42.0616,-70.8651,4
02344,Middleboro,Massachusetts,MA,Plymouth,US,41.8932,-70.9112,4
02345,Manomet,Massachusetts,MA,Plymouth,US,41.8882,-70.581,4
02346,Middleboro,Massachusetts,MA,Plymouth,US,41.8884,-70.893,4
02347,Lakeville,Massachusetts,MA,Plymouth,US,41.8374,-70.9582,4
02348,Lakeville,Massachusetts,MA,Plymouth,US,41.8459,-70.9495,4
02349,Middleboro,Massachusetts,MA,Plymouth,US,41.8932,-70.9112,4
02350,Monponsett,Massachusetts,MA,Plymouth,US,42.0185,-70.8475,4
02351,Abington,Massachusetts,MA,Plymouth,US,42.1167,-70.9543,4
02355,North Carver,Massachusetts,MA,Plymouth,US,41.9169,-70.8013,4
02358,North Pembroke,Massachusetts,MA,Plymouth,US,42.0932,-70.7925,4
02359,Pembroke,Massachusetts,MA,Plymouth,US,42.0621,-70.8044,4
02360,Plymouth,Massachusetts,MA,Plymouth,US,41.9104,-70.642,4
02361,Plymouth,Massachusetts,MA,Plymouth,US,41.9705,-70.7014,4
02362,Plymouth,Massachusetts,MA,Plymouth,US,41.9584,-70.6673,4
02364,Kingston,Massachusetts,MA,Plymouth,US,41.995,-70.741,4
02366,South Carver,Massachusetts,MA,Plymouth,US,41.8501,-70.7044,4
02367,Plympton,Massachusetts,MA,Plymouth,US,41.9655,-70.8046,4
02370,Rockland,Massachusetts,MA,Plymouth,US,42.1293,-70.9133,4
02379,West Bridgewater,Massachusetts,MA,Plymouth,US,42.0255,-71.0161,4
02381,White Horse Beach,Massachusetts,MA,Plymouth,US,41.9316,-70.5611,4
02382,Whitman,Massachusetts,MA,Plymouth,US,42.0816,-70.9381,4
02538,East Wareham,Massachusetts,MA,Plymouth,US,41.7682,-70.6532,4
02558,Onset,Massachusetts,MA,Plymouth,US,41.7476,-70.6582,4
02571,Wareham,Massachusetts,MA,Plymouth,US,41.7541,-70.7116,4
02576,West Wareham,Massachusetts,MA,Plymouth,US,41.7796,-70.7642,4
02738,Marion,Massachusetts,MA,Plymouth,US,41.7095,-70.7613,4
02739,Mattapoisett,Massachusetts,MA,Plymouth,US,41.6618,-70.8164,4
02770,Rochester,Massachusetts,MA,Plymouth,US,41.7591,-70.8523,4
02108,Boston,Massachusetts,MA,Suffolk,US,42.3576,-71.0684,4
02109,Boston,Massachusetts,MA,Suffolk,US,42.36,-71.0545,4
02110,Boston,Massachusetts,MA,Suffolk,US,42.3576,-71.0514,4
02111,Boston,Massachusetts,MA,Suffolk,US,42.3503,-71.0629,4
02112,Boston,Massachusetts,MA,Suffolk,US,42.3584,-71.0598,4
02113,Boston,Massachusetts,MA,Suffolk,US,42.3657,-71.056,4
02114,Boston,Massachusetts,MA,Suffolk,US,42.3611,-71.0682,4
02115,Boston,Massachusetts,MA,Suffolk,US,42.3427,-71.0922,4
02116,Boston,Massachusetts,MA,Suffolk,US,42.3492,-71.0768,4
02117,Boston,Massachusetts,MA,Suffolk,US,42.3585,-71.058,4
02118,Boston,Massachusetts,MA,Suffolk,US,42.3362,-71.0729,4
02119,Roxbury,Massachusetts,MA,Suffolk,US,42.3251,-71.0953,4
02120,Roxbury Crossing,Massachusetts,MA,Suffolk,US,42.3307,-71.0912,4
02121,Dorchester,Massachusetts,MA,Suffolk,US,42.2973,-71.0745,4
02122,Dorchester,Massachusetts,MA,Suffolk,US,42.2973,-71.0745,4
02123,Boston,Massachusetts,MA,Suffolk,US,42.3389,-70.9196,4
02124,Dorchester Center,Massachusetts,MA,Suffolk,US,42.2918,-71.0717,4
02125,Dorchester,Massachusetts,MA,Suffolk,US,42.2973,-71.0745,4
02126,Mattapan,Massachusetts,MA,Suffolk,US,42.2739,-71.0939,4
02127,Boston,Massachusetts,MA,Suffolk,US,42.3347,-71.0375,4
02128,Boston,Massachusetts,MA,Suffolk,US,42.3642,-71.0257,4
02129,Charlestown,Massachusetts,MA,Suffolk,US,42.3778,-71.0627,4
02130,Jamaica Plain,Massachusetts,MA,Suffolk,US,42.3126,-71.1115,4
02131,Roslindale,Massachusetts,MA,Suffolk,US,42.2836,-71.1295,4
02132,West Roxbury,Massachusetts,MA,Suffolk,US,42.2787,-71.1589,4
02133,Boston,Massachusetts,MA,Suffolk,US,42.3584,-71.0598,4
02134,Allston,Massachusetts,MA,Suffolk,US,42.3535,-71.1329,4
02135,Brighton,Massachusetts,MA,Suffolk,US,42.3478,-71.1566,4
02136,Hyde Park,Massachusetts,MA,Suffolk,US,42.254,-71.1261,4
02137,Readville,Massachusetts,MA,Suffolk,US,42.2404,-71.137,4
02150,Chelsea,Massachusetts,MA,Suffolk,US,42.3963,-71.0325,4
02151,Revere,Massachusetts,MA,Suffolk,US,42.4138,-71.0052,4
02152,Winthrop,Massachusetts,MA,Suffolk,US,42.3763,-70.98,4
02163,Boston,Massachusetts,MA,Suffolk,US,42.3253,-71.1122,4
02196,Boston,Massachusetts,MA,Suffolk,US,42.3584,-71.0598,4
02199,Boston,Massachusetts,MA,Suffolk,US,42.3479,-71.0825,4
02201,Boston,Massachusetts,MA,Suffolk,US,42.3584,-71.0598,4
02203,Boston,Massachusetts,MA,Suffolk,US,42.3615,-71.0604,4
02204,Boston,Massachusetts,MA,Suffolk,US,42.3389,-70.9196,4
02205,Boston,Massachusetts,MA,Suffolk,US,42.3503,-71.0539,4
02206,Boston,Massachusetts,MA,Suffolk,US,42.3389,-70.9196,4
02210,Boston,Massachusetts,MA,Suffolk,US,42.3489,-71.0465,4
02211,Boston,Massachusetts,MA,Suffolk,US,42.3584,-71.0598,4
02215,Boston,Massachusetts,MA,Suffolk,US,42.3471,-71.1027,4
02217,Boston,Massachusetts,MA,Suffolk,US,42.3389,-70.9196,4
02222,Boston,Massachusetts,MA,Suffolk,US,42.3644,-71.0633,4
02241,Boston,Massachusetts,MA,Suffolk,US,42.3584,-71.0598,4
02266,Boston,Massachusetts,MA,Suffolk,US,42.3584,-71.0598,4
02283,Boston,Massachusetts,MA,Suffolk,US,42.3389,-70.9196,4
02284,Boston,Massachusetts,MA,Suffolk,US,42.3389,-70.9196,4
02293,Boston,Massachusetts,MA,Suffolk,US,42.3584,-71.0598,4
02297,Boston,Massachusetts,MA,Suffolk,US,42.3584,-71.0598,4
02298,Boston,Massachusetts,MA,Suffolk,US,42.3823,-71.0323,4
01005,Barre,Massachusetts,MA,Worcester,US,42.4097,-72.1084,4
01031,Gilbertville,Massachusetts,MA,Worcester,US,42.3322,-72.1986,4
01037,Hardwick,Massachusetts,MA,Worcester,US,42.3479,-72.2253,4
01068,Oakham,Massachusetts,MA,Worcester,US,42.348,-72.0513,4
01074,South Barre,Massachusetts,MA,Worcester,US,42.3854,-72.0954,4
01083,Warren,Massachusetts,MA,Worcester,US,42.204,-72.1994,4
01092,West Warren,Massachusetts,MA,Worcester,US,42.2029,-72.229,4
01094,Wheelwright,Massachusetts,MA,Worcester,US,42.3582,-72.1408,4
01331,Athol,Massachusetts,MA,Worcester,US,42.5959,-72.2267,4
01366,Petersham,Massachusetts,MA,Worcester,US,42.4898,-72.1893,4
01368,Royalston,Massachusetts,MA,Worcester,US,42.6722,-72.1964,4
01420,Fitchburg,Massachusetts,MA,Worcester,US,42.5796,-71.8031,4
01430,Ashburnham,Massachusetts,MA,Worcester,US,42.6496,-71.9267,4
01434,Devens,Massachusetts,MA,Worcester,US,42.5385,-71.6115,4
01436,Baldwinville,Massachusetts,MA,Worcester,US,42.5936,-72.0646,4
01438,East Templeton,Massachusetts,MA,Worcester,US,42.5631,-72.037,4
01440,Gardner,Massachusetts,MA,Worcester,US,42.574,-71.9898,4
01441,Westminster,Massachusetts,MA,Worcester,US,42.5459,-71.9106,4
01451,Harvard,Massachusetts,MA,Worcester,US,42.4986,-71.5753,4
01452,Hubbardston,Massachusetts,MA,Worcester,US,42.4865,-72.0012,4
01453,Leominster,Massachusetts,MA,Worcester,US,42.5274,-71.7563,4
01462,Lunenburg,Massachusetts,MA,Worcester,US,42.5884,-71.7266,4
01467,Still River,Massachusetts,MA,Worcester,US,42.4871,-71.6131,4
01468,Templeton,Massachusetts,MA,Worcester,US,42.546,-72.065,4
01473,Westminster,Massachusetts,MA,Worcester,US,42.5483,-71.9096,4
01475,Winchendon,Massachusetts,MA,Worcester,US,42.6789,-72.0475,4
01501,Auburn,Massachusetts,MA,Worcester,US,42.2055,-71.8391,4
01503,Berlin,Massachusetts,MA,Worcester,US,42.3844,-71.6356,4
01504,Blackstone,Massachusetts,MA,Worcester,US,42.0287,-71.5269,4
01505,Boylston,Massachusetts,MA,Worcester,US,42.3377,-71.731,4
01506,Brookfield,Massachusetts,MA,Worcester,US,42.1991,-72.0989,4
01507,Charlton,Massachusetts,MA,Worcester,US,42.1379,-71.9664,4
01508,Charlton City,Massachusetts,MA,Worcester,US,42.1459,-71.9884,4
01509,Charlton Depot,Massachusetts,MA,Worcester,US,42.1731,-71.9787,4
01510,Clinton,Massachusetts,MA,Worcester,US,42.4181,-71.6828,4
01515,East Brookfield,Massachusetts,MA,Worcester,US,42.2193,-72.0481,4
01516,Douglas,Massachusetts,MA,Worcester,US,42.0528,-71.7509,4
01518,Fiskdale,Massachusetts,MA,Worcester,US,42.1228,-72.1178,4
01519,Grafton,Massachusetts,MA,Worcester,US,42.2004,-71.6868,4
01520,Holden,Massachusetts,MA,Worcester,US,42.342,-71.8414,4
01522,Jefferson,Massachusetts,MA,Worcester,US,42.3755,-71.8706,4
01523,Lancaster,Massachusetts,MA,Worcester,US,42.451,-71.6868,4
01524,Leicester,Massachusetts,MA,Worcester,US,42.237,-71.9188,4
01525,Linwood,Massachusetts,MA,Worcester,US,42.0973,-71.6448,4
01526,Manchaug,Massachusetts,MA,Worcester,US,42.0945,-71.7476,4
01527,Millbury,Massachusetts,MA,Worcester,US,42.1968,-71.7644,4
01529,Millville,Massachusetts,MA,Worcester,US,42.0331,-71.5798,4
01531,New Braintree,Massachusetts,MA,Worcester,US,42.3198,-72.1306,4
01532,Northborough,Massachusetts,MA,Worcester,US,42.3182,-71.6464,4
01534,Northbridge,Massachusetts,MA,Worcester,US,42.1494,-71.6564,4
01535,North Brookfield,Massachusetts,MA,Worcester,US,42.2665,-72.0821,4
01536,North Grafton,Massachusetts,MA,Worcester,US,42.2297,-71.7037,4
01537,North Oxford,Massachusetts,MA,Worcester,US,42.1655,-71.886,4
01538,North Uxbridge,Massachusetts,MA,Worcester,US,42.0876,-71.6412,4
01540,Oxford,Massachusetts,MA,Worcester,US,42.1129,-71.8687,4
01541,Princeton,Massachusetts,MA,Worcester,US,42.4508,-71.8762,4
01542,Rochdale,Massachusetts,MA,Worcester,US,42.1997,-71.9069,4
01543,Rutland,Massachusetts,MA,Worcester,US,42.3762,-71.949,4
01545,Shrewsbury,Massachusetts,MA,Worcester,US,42.2848,-71.7205,4
01546,Shrewsbury,Massachusetts,MA,Worcester,US,42.3648,-71.8969,4
01550,Southbridge,Massachusetts,MA,Worcester,US,42.075,-72.0353,4
01560,South Grafton,Massachusetts,MA,Worcester,US,42.176,-71.6927,4
01561,South Lancaster,Massachusetts,MA,Worcester,US,42.4435,-71.6861,4
01562,Spencer,Massachusetts,MA,Worcester,US,42.2441,-71.9906,4
01564,Sterling,Massachusetts,MA,Worcester,US,42.4354,-71.7752,4
01566,Sturbridge,Massachusetts,MA,Worcester,US,42.1126,-72.0842,4
01568,Upton,Massachusetts,MA,Worcester,US,42.1756,-71.6032,4
01569,Uxbridge,Massachusetts,MA,Worcester,US,42.0744,-71.6329,4
01570,Webster,Massachusetts,MA,Worcester,US,42.0521,-71.8486,4
01571,Dudley,Massachusetts,MA,Worcester,US,42.0489,-71.8932,4
01581,Westborough,Massachusetts,MA,Worcester,US,42.2679,-71.6176,4
01583,West Boylston,Massachusetts,MA,Worcester,US,42.3584,-71.7838,4
01585,West Brookfield,Massachusetts,MA,Worcester,US,42.2441,-72.1511,4
01586,West Millbury,Massachusetts,MA,Worcester,US,42.1712,-71.8037,4
01588,Whitinsville,Massachusetts,MA,Worcester,US,42.1153,-71.6644,4
01590,Sutton,Massachusetts,MA,Worcester,US,42.1266,-71.7552,4
01601,Worcester,Massachusetts,MA,Worcester,US,42.2626,-71.8023,4
01602,Worcester,Massachusetts,MA,Worcester,US,42.2703,-71.8417,4
01603,Worcester,Massachusetts,MA,Worcester,US,42.245,-71.838,4
01604,Worcester,Massachusetts,MA,Worcester,US,42.2541,-71.7746,4
01605,Worcester,Massachusetts,MA,Worcester,US,42.2894,-71.7888,4
01606,Worcester,Massachusetts,MA,Worcester,US,42.311,-71.7958,4
01607,Worcester,Massachusetts,MA,Worcester,US,42.2303,-71.7938,4
01608,Worcester,Massachusetts,MA,Worcester,US,42.2624,-71.8003,4
01609,Worcester,Massachusetts,MA,Worcester,US,42.2826,-71.8277,4
01610,Worcester,Massachusetts,MA,Worcester,US,42.2492,-71.8108,4
01611,Cherry Valley,Massachusetts,MA,Worcester,US,42.2373,-71.875,4
01612,Paxton,Massachusetts,MA,Worcester,US,42.3066,-71.9202,4
01613,Worcester,Massachusetts,MA,Worcester,US,42.2933,-71.802,4
01614,Worcester,Massachusetts,MA,Worcester,US,42.2626,-71.8023,4
01615,Worcester,Massachusetts,MA,Worcester,US,42.2626,-71.8023,4
01653,Worcester,Massachusetts,MA,Worcester,US,42.3648,-71.8969,4
01655,Worcester,Massachusetts,MA,Worcester,US,42.3648,-71.8969,4
01740,Bolton,Massachusetts,MA,Worcester,US,42.4365,-71.6076,4
01745,Fayville,Massachusetts,MA,Worcester,US,42.2934,-71.5028,4
01747,Hopedale,Massachusetts,MA,Worcester,US,42.1268,-71.5376,4
01756,Mendon,Massachusetts,MA,Worcester,US,42.0967,-71.5499,4
01757,Milford,Massachusetts,MA,Worcester,US,42.1511,-71.5274,4
01772,Southborough,Massachusetts,MA,Worcester,US,42.2939,-71.532,4
